{"best_fg_f1": [0.8, 0.6, 0.7000000000000001], "best_seed_f1": [0.7000000000000001, 0.5, 0.5]}